{
   "distortion" : [
      [
         -0.53358916340851414,
         1.059433781912231,
         -0.026328144985041081,
         0.0027697337967317968,
         -3.8325560148923778
      ]
   ],
   "intrinsic" : [
      [ 2399.0673538989031, 0, 1046.7265979283768 ],
      [ 0, 2386.7177408772595, 773.08111060698445 ],
      [ 0, 0, 1 ]
   ]
}
