{
   "distortion" : [
      [
         -0.28709069959343086,
         1.4962057161327524,
         -0.0074851037877491332,
         0.014520964900015036,
         -4.1007123869053483
      ]
   ],
   "intrinsic" : [
      [ 2764.472638371858, 0, 1287.2405483366551 ],
      [ 0, 2783.860570563872, 1149.3222126254811 ],
      [ 0, 0, 1 ]
   ]
}
