{
   "R" : [
      [ -0.02784589415289191 ],
      [ 0.1342341716831012 ],
      [ 0.065727592063374349 ],
      [ 0.046011288113780933 ],
      [ 0.17977239797999456 ],
      [ -0.066805083988346795 ],
      [ 0.28174374623327231 ],
      [ 0.32373565448842523 ],
      [ 0.30275617772030206 ],
      [ 0.048778904779062549 ]
   ],
   "T" : [
      [ -276.09160354279669 ],
      [ -285.66701359587631 ],
      [ -255.42552649505649 ],
      [ -172.93771539982396 ],
      [ -146.89375485736801 ],
      [ -134.56543162876773 ],
      [ -197.53937927391158 ],
      [ -222.38871015458903 ],
      [ -330.92937600456906 ],
      [ -356.45399557838653 ]
   ]
}
